{
  "resources": [
    "output.mp3"
  ],
  "spritemap": {
    "01": {
      "start": 0,
      "end": 1.0198185941043083,
      "loop": false
    },
    "02": {
      "start": 3,
      "end": 6.03124716553288,
      "loop": false
    },
    "03": {
      "start": 8,
      "end": 8.706349206349206,
      "loop": false
    },
    "04": {
      "start": 10,
      "end": 21.207573696145126,
      "loop": false
    },
    "05": {
      "start": 23,
      "end": 27.70308390022676,
      "loop": false
    }
  }
}