{
  "resources": [
    "output.mp3"
  ],
  "spritemap": {
    "01": {
      "start": 0,
      "end": 1.0198412698412698,
      "loop": false
    },
    "02": {
      "start": 3,
      "end": 6.031269841269841,
      "loop": false
    },
    "03": {
      "start": 8,
      "end": 8.706371882086168,
      "loop": false
    },
    "04": {
      "start": 10,
      "end": 21.207596371882087,
      "loop": false
    },
    "05": {
      "start": 23,
      "end": 27.70310657596372,
      "loop": false
    }
  }
}